state,electricity_year,residential_price_cents_kwh,electricity_source_file,electricity_geographic_level
AL,2024,15.18,eia_residential_electricity_price_2024_by_state.csv,state
AK,2024,24.82,eia_residential_electricity_price_2024_by_state.csv,state
AZ,2024,14.91,eia_residential_electricity_price_2024_by_state.csv,state
AR,2024,12.32,eia_residential_electricity_price_2024_by_state.csv,state
CA,2024,31.97,eia_residential_electricity_price_2024_by_state.csv,state
CO,2024,14.92,eia_residential_electricity_price_2024_by_state.csv,state
CT,2024,28.75,eia_residential_electricity_price_2024_by_state.csv,state
DE,2024,16.57,eia_residential_electricity_price_2024_by_state.csv,state
DC,2024,17.71,eia_residential_electricity_price_2024_by_state.csv,state
FL,2024,14.14,eia_residential_electricity_price_2024_by_state.csv,state
GA,2024,14.08,eia_residential_electricity_price_2024_by_state.csv,state
HI,2024,42.86,eia_residential_electricity_price_2024_by_state.csv,state
ID,2024,11.52,eia_residential_electricity_price_2024_by_state.csv,state
IL,2024,15.87,eia_residential_electricity_price_2024_by_state.csv,state
IN,2024,14.77,eia_residential_electricity_price_2024_by_state.csv,state
IA,2024,13.4,eia_residential_electricity_price_2024_by_state.csv,state
KS,2024,14.15,eia_residential_electricity_price_2024_by_state.csv,state
KY,2024,12.79,eia_residential_electricity_price_2024_by_state.csv,state
LA,2024,11.73,eia_residential_electricity_price_2024_by_state.csv,state
ME,2024,24.29,eia_residential_electricity_price_2024_by_state.csv,state
MD,2024,17.86,eia_residential_electricity_price_2024_by_state.csv,state
MA,2024,29.35,eia_residential_electricity_price_2024_by_state.csv,state
MI,2024,19.3,eia_residential_electricity_price_2024_by_state.csv,state
MN,2024,15.45,eia_residential_electricity_price_2024_by_state.csv,state
MS,2024,13.39,eia_residential_electricity_price_2024_by_state.csv,state
MO,2024,12.91,eia_residential_electricity_price_2024_by_state.csv,state
MT,2024,12.66,eia_residential_electricity_price_2024_by_state.csv,state
NE,2024,11.53,eia_residential_electricity_price_2024_by_state.csv,state
NV,2024,15.0,eia_residential_electricity_price_2024_by_state.csv,state
NH,2024,23.4,eia_residential_electricity_price_2024_by_state.csv,state
NJ,2024,19.34,eia_residential_electricity_price_2024_by_state.csv,state
NM,2024,14.2,eia_residential_electricity_price_2024_by_state.csv,state
NY,2024,24.43,eia_residential_electricity_price_2024_by_state.csv,state
NC,2024,14.13,eia_residential_electricity_price_2024_by_state.csv,state
ND,2024,11.51,eia_residential_electricity_price_2024_by_state.csv,state
OH,2024,15.99,eia_residential_electricity_price_2024_by_state.csv,state
OK,2024,12.24,eia_residential_electricity_price_2024_by_state.csv,state
OR,2024,14.7,eia_residential_electricity_price_2024_by_state.csv,state
PA,2024,17.77,eia_residential_electricity_price_2024_by_state.csv,state
RI,2024,28.65,eia_residential_electricity_price_2024_by_state.csv,state
SC,2024,14.23,eia_residential_electricity_price_2024_by_state.csv,state
SD,2024,12.86,eia_residential_electricity_price_2024_by_state.csv,state
TN,2024,12.42,eia_residential_electricity_price_2024_by_state.csv,state
TX,2024,14.94,eia_residential_electricity_price_2024_by_state.csv,state
UT,2024,12.22,eia_residential_electricity_price_2024_by_state.csv,state
VT,2024,21.9,eia_residential_electricity_price_2024_by_state.csv,state
VA,2024,14.41,eia_residential_electricity_price_2024_by_state.csv,state
WA,2024,11.9,eia_residential_electricity_price_2024_by_state.csv,state
WV,2024,15.07,eia_residential_electricity_price_2024_by_state.csv,state
WI,2024,17.18,eia_residential_electricity_price_2024_by_state.csv,state
WY,2024,12.47,eia_residential_electricity_price_2024_by_state.csv,state
